ticker,name
005930,삼성전자
000660,SK하이닉스
005935,삼성전자우
005380,현대차
373220,LG에너지솔루션
402340,SK스퀘어
207940,삼성바이오로직스
012450,한화에어로스페이스
034020,두산에너빌리티
000270,기아
329180,HD현대중공업
105560,KB금융
068270,셀트리온
028260,삼성물산
032830,삼성생명
055550,신한지주
042660,한화오션
006800,미래에셋증권
012330,현대모비스
035420,NAVER
010130,고려아연
267260,HD현대일렉트릭
009150,삼성전기
006400,삼성SDI
015760,한국전력
086790,하나금융지주
009540,HD한국조선해양
042700,한미반도체
005490,POSCO홀딩스
272210,한화시스템
010140,삼성중공업
034730,SK
316140,우리금융지주
298040,효성중공업
010120,LS ELECTRIC
035720,카카오
000810,삼성화재
051910,LG화학
267250,HD현대
064350,현대로템
047810,한국항공우주
011200,HMM
138040,메리츠금융지주
096770,SK이노베이션
066570,LG전자
024110,기업은행
000150,두산
069500,KODEX 200
000720,현대건설
033780,KT&G
003670,포스코퓨처엠
086280,현대글로비스
017670,SK텔레콤
352820,하이브
079550,LIG넥스원
030200,KT
360750,TIGER 미국S&P500
003550,LG
278470,에이피알
0126Z0,삼성에피스홀딩스
071050,한국금융지주
047050,포스코인터내셔널
018260,삼성에스디에스
005830,DB손해보험
039490,키움증권
010950,S-Oil
307950,현대오토에버
005940,NH투자증권
323410,카카오뱅크
259960,크래프톤
005387,현대차2우B
000880,한화
003490,대한항공
016360,삼성증권
009830,한화솔루션
007660,이수페타시스
006260,LS
003230,삼양식품
377300,카카오페이
459580,KODEX CD금리액티브(합성)
396500,TIGER 반도체TOP10
379800,KODEX 미국S&P500
133690,TIGER 미국나스닥100
443060,HD현대마린솔루션
000100,유한양행
180640,한진칼
090430,아모레퍼시픽
326030,SK바이오팜
488770,KODEX 머니마켓액티브
229200,KODEX 코스닥150
102110,TIGER 200
161390,한국타이어앤테크놀로지
032640,LG유플러스
029780,삼성카드
128940,한미약품
052690,한전기술
064400,LG씨엔에스
005385,현대차우
028050,삼성E&A
011070,LG이노텍
